year,Income_Category,Before_Tax_Income,Net_Worth,Assets,Financial_Assets,Transaction_Accounts,Certificates_of_Deposit,Savings_Bonds,Directly_Held_Bonds,Directly_Held_Stocks,Pooled_Investment_Funds,Cash_Value_Life_Insurance,Other_Managed_Assets,Retirement_Accounts,Other_Financial_Assets,Stock_Holdings,Nonfinancial_Assets,Primary_Residence,Owned_Vehicles,Other_Residential_Real_Estate,Net_Equity_in_Nonres_Real_Estate,Business_Equity,Other_Non_Financial_Assets,Unrealized_Capital_Gains,Debt,Home_Secured_Debt,Other_Res_Real_Estate_Debt,Installment_Loans,Other_Lines_of_Credit,Credit_Card_Balances,Other_Debt,Mortgages_Home_Equity_Loans,Home_Equity_Lines_of_Credit,Vehicle_Installment_Loans,Education_Installment_Loans,Other_Installment_Loans
1989,Less than 20,12.45544782,3.818790111,15.51383482,1.988953183,0.994476591,25.85639137,0.397790637,25.85639137,59.66859548,27.84534456,1.790057864,23.86743819,9.944765913,1.591162546,29.83429774,17.90057864,59.66859548,3.977906365,26.95866923,19.88953183,19.88953183,1.988953183,29.83429774,3.38122041,13.92267228,7.95581273,2.685086796,1.988953183,0.596685955,0.994476591,13.92267228,0.019889532,3.977906365,5.330394529,0.994476591
1989,20-39.9,29.06271158,49.32603893,82.42221988,8.751394003,1.988953183,19.88953183,1.392267228,49.72382956,9.944765913,19.88953183,3.977906365,39.77906365,5.966859548,1.988953183,11.9337191,74.7448606,99.44765913,7.95581273,49.72382956,23.86743819,33.8122041,9.944765913,45.7459232,9.944765913,23.86743819,47.73487638,5.966859548,1.790057864,1.19337191,1.988953183,23.86743819,49.72382956,5.966859548,5.966859548,1.988953183
1989,40-59.9,51.89769926,83.77470805,134.2145608,16.70720673,3.977906365,21.87848501,1.19337191,31.82325092,7.95581273,11.9337191,3.977906365,13.92267228,14.32046291,3.977906365,9.944765913,103.4255655,119.337191,11.9337191,89.50289321,29.83429774,69.61336139,11.9337191,51.71278275,23.86743819,41.76801683,27.84534456,11.9337191,0.994476591,1.591162546,1.790057864,41.76801683,15.91162546,11.9337191,7.95581273,2.983429774
1989,60-79.9,80.96041084,134.2543398,214.8069437,30.11275118,5.569068911,19.88953183,0.994476591,39.77906365,9.944765913,19.88953183,5.966859548,63.64650184,17.90057864,5.966859548,11.9337191,169.0610205,149.1714887,17.90057864,79.5581273,19.88953183,59.66859548,13.92267228,57.08295634,56.08847975,71.60231457,27.84534456,13.92267228,3.977906365,1.988953183,1.988953183,71.60231457,29.83429774,12.41106786,5.966859548,3.977906365
1989,80-89.9,118.3267543,266.7782904,384.6635455,58.8730142,9.546975276,17.90057864,0.994476591,53.70173593,9.944765913,15.91162546,9.944765913,63.64650184,29.83429774,5.966859548,19.09395055,272.486586,198.8953183,23.86743819,119.337191,49.72382956,119.337191,19.88953183,79.5581273,79.5581273,83.53603367,53.70173593,15.91162546,3.977906365,2.565749606,7.95581273,81.54708048,49.72382956,15.91162546,3.977906365,3.977906365
1989,90-100,207.590797,785.6365071,940.7748553,294.3690489,29.83429774,39.77906365,1.988953183,69.61336139,29.83429774,49.72382956,19.88953183,119.337191,89.50289321,31.82325092,79.5581273,594.1003156,397.7906365,29.83429774,188.9505523,188.9505523,298.3429774,49.72382956,222.6633088,147.1825355,139.2267228,79.5581273,15.91162546,9.944765913,4.375697002,9.944765913,119.337191,47.73487638,13.92267228,5.748074698,15.91162546
1992,Less than 20,12.09225488,7.043565012,26.90498818,2.252510638,1.036869976,11.62009456,0.536312057,17.87706856,8.938534279,30.39101655,1.787706856,21.45248227,14.30165485,1.787706856,13.40780142,38.61446809,71.50827423,4.290496454,42.90496454,35.75413712,51.84349882,3.396643026,36.64799054,3.861446809,26.81560284,46.48037825,3.396643026,1.430165485,0.893853428,1.787706856,26.81560284,71.50827423,3.754184397,5.363120567,1.787706856
1992,20-39.9,27.48239745,49.60886525,75.31608984,6.972056738,1.966477541,28.60330969,0.715082742,23.24018913,7.150827423,10.72624114,3.21787234,28.60330969,7.508368794,3.932955083,6.614515366,65.96638298,96.53617021,7.508368794,37.54184397,16.0893617,21.45248227,8.938534279,35.75413712,9.832387707,37.54184397,7.150827423,5.184349882,8.849148936,1.501673759,1.430165485,37.54184397,21.45248227,6.435744681,4.826808511,1.787706856
1992,40-59.9,47.63615557,70.70380615,110.5339149,13.94411348,3.253626478,26.81560284,0.893853428,32.1787234,8.580992908,26.81560284,4.111725768,28.60330969,12.51394799,5.363120567,8.938534279,88.67026005,116.2009456,10.72624114,74.48033688,33.96643026,53.63120567,8.938534279,35.75413712,20.20108747,57.20661939,28.60330969,7.383229314,2.860330969,1.60893617,3.575413712,53.63120567,17.87706856,7.383229314,6.07820331,1.787706856
1992,60-79.9,75.11855302,134.810974,220.066714,31.10609929,4.826808511,11.62009456,0.983238771,71.50827423,8.938534279,22.3463357,6.256973995,35.75413712,21.45248227,3.575413712,14.56981088,165.6131631,151.9550827,16.44690307,71.50827423,53.63120567,62.39096927,8.938534279,46.48037825,54.88260047,78.65910166,32.1787234,11.79886525,2.681560284,2.502789598,5.184349882,78.65910166,16.0893617,11.62009456,6.972056738,2.324018913
1992,80-89.9,113.5939095,214.2924208,327.8296832,71.8658156,8.759763593,17.87706856,1.60893617,26.81560284,10.72624114,39.32955083,8.938534279,32.1787234,39.15078014,5.363120567,26.81560284,231.8655792,178.7706856,19.66477541,103.6869976,37.89938534,35.75413712,23.24018913,57.11723404,97.78756501,98.32387707,53.98874705,13.05026005,3.21787234,2.681560284,5.363120567,98.32387707,25.02789598,13.05026005,5.184349882,2.431281324
1992,90-100,192.3767821,652.155461,871.3283215,230.6141844,28.06699764,26.81560284,1.787706856,144.8042553,46.48037825,48.26808511,17.87706856,89.38534279,85.80992908,35.75413712,82.23451537,513.2327612,321.787234,26.81560284,175.1952719,143.0165485,268.1560284,37.54184397,180.5601801,167.6511489,151.9550827,84.02222222,17.87706856,7.150827423,4.022340426,10.72624114,143.0165485,35.75413712,14.48042553,11.3161844,8.938534279
1995,Less than 20,11.45385774,9.949121413,24.87447285,2.50397351,1.135134658,13.35452539,0.834657837,33.38631347,3.338631347,41.73289183,3.004768212,70.11125828,16.69315673,3.338631347,5.842604857,28.04450331,75.1192053,6.426865342,48.41015453,25.0397351,75.87039735,10.85055188,25.0397351,5.174878587,30.04768212,13.35452539,5.174878587,1.669315673,1.118441501,3.338631347,30.04768212,3.839426049,5.675673289,6.677262693,1.185214128
1995,20-39.9,29.06202709,57.92525386,94.86720971,10.24959823,2.170110375,16.69315673,1.251986755,61.76467991,10.51668874,14.18918322,5.675673289,25.0397351,16.69315673,3.004768212,11.68520971,72.11443709,108.5055188,10.34975717,46.74083885,23.37041943,45.40538631,12.51986755,34.2209713,14.43958057,45.07152318,33.38631347,5.842604857,2.337041943,2.170110375,1.669315673,46.74083885,3.338631347,6.844194261,6.510331126,1.669315673
1995,40-59.9,51.28593016,76.45465784,137.8854746,15.69156733,2.737677704,16.69315673,1.168520971,41.73289183,11.68520971,16.69315673,5.842604857,41.73289183,13.35452539,5.00794702,10.01589404,108.5055188,125.1986755,15.52463576,66.77262693,58.42604856,33.38631347,10.01589404,35.05562914,25.0397351,63.43399559,31.71699779,10.68362031,5.00794702,2.50397351,3.004768212,63.43399559,25.0397351,11.68520971,5.842604857,2.670905077
1995,60-79.9,75.21936424,125.8664018,232.719298,35.89028698,4.173289183,16.69315673,1.335452539,48.41015453,8.012715232,23.37041943,10.01589404,43.40220751,24.37200883,6.677262693,21.03337748,173.60883,158.584989,21.70110375,83.46578366,58.42604856,20.03178808,13.35452539,35.05562914,70.11125828,95.15099338,55.08741722,12.01907285,3.839426049,2.587439294,3.171699779,95.15099338,16.69315673,12.35293598,5.00794702,2.50397351
1995,80-89.9,114.5385774,214.1732009,345.0475497,79.45942605,7.178057395,30.04768212,3.004768212,25.0397351,13.35452539,38.39426049,15.35770419,58.42604856,41.73289183,3.839426049,41.73289183,251.0650773,200.3178808,28.37836645,105.1668874,28.37836645,50.0794702,41.73289183,50.66373068,105.5842163,108.5055188,50.0794702,16.3592936,8.346578366,3.505562914,6.176467991,111.8441501,28.37836645,14.68997793,8.346578366,3.672494481
1995,90-100,188.0484106,596.1126269,783.9106402,253.4021192,21.70110375,30.04768212,2.50397351,83.46578366,33.38631347,83.46578366,16.69315673,91.81236203,116.8520971,21.70110375,105.1668874,422.6707285,292.1302428,37.05880795,166.9315673,135.2145695,200.3178808,30.04768212,117.686755,164.5945254,151.9077263,66.77262693,15.8584989,8.346578366,4.674083885,8.346578366,150.2384106,31.71699779,13.85532009,8.179646799,8.346578366
1998,Less than 20,12.91216387,9.075029118,22.64825291,2.878215474,1.100956739,15.72795341,2.044633943,13.3687604,26.7375208,26.7375208,6.605740433,31.45590682,9.594051581,1.100956739,7.863976706,34.28693844,86.50374376,6.605740433,125.8236273,25.16472546,42.46547421,6.291181364,33.02870216,6.763019967,37.74708819,53.08184276,6.291181364,1.022316972,1.43124376,1.572795341,39.31988353,11.79596506,6.448460899,9.436772047,1.730074875
1998,20-39.9,31.88188609,54.4187188,98.29970882,10.53772879,2.359193012,31.45590682,1.572795341,12.73964226,15.09883528,39.31988353,7.863976706,40.89267887,14.15515807,2.044633943,14.94155574,82.33583611,117.9596506,10.22316972,94.36772047,37.74708819,48.59937604,7.863976706,39.31988353,16.04251248,58.19342762,53.4750416,9.908610649,1.730074875,2.044633943,3.145590682,59.76622296,20.44633943,9.436772047,9.751331115,1.808714642
1998,40-59.9,52.60511205,83.90863145,166.8735857,25.16472546,3.475877704,18.87354409,0.786397671,34.6014975,11.79596506,15.72795341,7.863976706,36.17429285,18.87354409,3.931988353,18.87354409,121.8916389,133.687604,15.25611481,70.77579035,39.6344426,31.45590682,11.00956739,36.17429285,40.29501664,66.05740433,29.88311148,12.4250832,2.359193012,2.988311148,3.145590682,66.05740433,18.87354409,12.4250832,8.964933444,2.044633943
1998,60-79.9,84.48699815,175.6812396,292.3040141,57.09247088,6.715836107,23.59193012,1.100956739,29.72583195,22.01913478,28.31031614,11.00956739,47.18386023,33.02870216,5.662063228,29.88311148,194.2402246,173.0074875,22.01913478,102.2316972,62.91181364,78.63976706,15.72795341,45.61106489,90.59301165,102.2316972,47.18386023,18.87354409,4.403826955,3.350054077,4.718386023,103.8044925,18.87354409,14.94155574,12.26780366,3.145590682
1998,80-89.9,124.3393558,297.2583195,428.2721714,127.3964226,11.95324459,25.16472546,2.201913478,29.88311148,28.31031614,34.6014975,15.72795341,39.31988353,69.20299501,11.00956739,70.93306988,259.5112313,215.4729617,28.46759567,83.79853577,47.18386023,53.4750416,15.72795341,66.05740433,133.687604,125.8236273,67.03882862,17.30074875,4.718386023,3.145590682,7.863976706,122.6780366,15.72795341,17.30074875,8.178535774,3.696069052
1998,90-100,205.6381653,711.3438769,953.1139767,348.3741681,28.31031614,31.45590682,1.572795341,165.1435108,78.63976706,94.36772047,28.31031614,141.5515807,141.5515807,39.31988353,212.3273711,519.0224626,353.8789518,40.35792845,196.5994176,172.3783694,275.2391847,47.18386023,157.2795341,198.0621173,185.5898503,110.0956739,22.17641431,10.06589018,4.718386023,15.72795341,185.5898503,34.6014975,20.44633943,15.72795341,14.94155574
2001,Less than 20,14.8534917,11.40943468,36.10580596,2.888464477,1.242039725,14.44232238,1.444232238,43.32696715,10.83174179,30.47330023,5.054812834,34.66157372,7.221161192,2.888464477,10.10962567,49.39274255,93.87509549,7.654430863,36.10580596,36.10580596,75.10007639,8.66539343,36.10580596,7.654430863,40.43850267,14.44232238,6.78789152,0.779885409,1.444232238,1.444232238,43.32696715,11.55385791,7.510007639,7.943277311,2.021925134
2001,20-39.9,35.64838009,55.66071047,97.58677235,11.84270435,2.614060351,18.7750191,0.722116119,28.88464477,14.44232238,36.10580596,9.387509549,51.99236058,11.55385791,4.332696715,12.99809015,81.59912147,115.5385791,12.27597403,108.3174179,27.72925898,36.10580596,11.55385791,36.10580596,15.88655462,56.3250573,43.32696715,9.243086325,1.545328495,1.733078686,4.332696715,57.76928953,15.88655462,9.531932773,11.55385791,2.744041253
2001,40-59.9,57.92861765,92.05536287,167.5309397,24.62415966,4.043850267,20.21925134,0.722116119,21.66348358,10.10962567,34.66157372,10.83174179,101.0962567,20.21925134,3.899427044,21.66348358,133.8803285,138.6462949,18.7750191,77.98854087,43.32696715,60.65775401,14.44232238,38.99427044,42.7781589,83.76546982,56.03621085,14.44232238,1.010962567,2.888464477,2.888464477,85.20970206,17.33078686,12.99809015,11.12058824,2.888464477
2001,60-79.9,93.57699773,204.503285,332.1734148,80.87700535,7.582219251,21.66348358,1.444232238,57.76928953,27.44041253,43.32696715,17.33078686,86.6539343,44.77119939,6.499045073,44.77119939,218.079068,187.750191,25.56291062,93.87509549,57.76928953,72.21161192,14.44232238,54.68440947,91.85317036,108.3174179,57.76928953,17.18636364,5.776928953,3.177310924,4.332696715,108.3174179,14.44232238,15.7421314,12.7092437,2.888464477
2001,80-89.9,142.5935204,378.8221161,544.6921887,144.1343774,13.57578304,18.7750191,1.444232238,72.21161192,28.88464477,38.99427044,14.44232238,108.3174179,75.10007639,10.10962567,93.65846066,320.041864,252.7406417,32.78407181,101.0962567,71.4894958,72.21161192,28.88464477,86.3492013,139.4983919,129.9809015,46.21543163,21.66348358,11.26501146,5.704717341,5.776928953,129.9809015,23.10771581,17.33078686,18.03846066,4.91038961
2001,90-100,245.0826131,1205.211803,1459.685523,534.3659282,38.41657754,36.10580596,2.888464477,129.9809015,72.21161192,129.9809015,34.66157372,173.3078686,187.750191,21.66348358,361.0580596,692.5093583,433.2696715,43.32696715,288.8464477,209.4136746,310.5099313,72.21161192,231.0771581,211.5800229,194.9713522,112.6501146,20.21925134,14.44232238,4.043850267,30.32887701,194.9713522,37.5500382,17.33078686,13.86462949,7.221161192
2004,Less than 20,15.31540519,10.05916816,23.04661169,1.870842596,0.813409824,13.55683041,0.474489064,,8.134098243,27.11366081,3.795912513,29.82502689,6.778415203,3.253639297,10.84546432,30.77400502,94.89781284,6.100573682,47.44890642,14.91251345,27.11366081,6.778415203,37.82355683,9.489781284,47.44890642,10.84546432,7.591825027,0.610057368,1.355683041,2.711366081,50.1602725,27.11366081,8.269666547,8.811939763,1.897956257
2004,20-39.9,34.80773906,46.5948261,106.0144138,6.737744711,2.033524561,18.97956257,1.084546432,13.55683041,10.84546432,33.89207601,5.151595554,67.78415203,13.55683041,2.711366081,13.01455719,96.25349588,135.5683041,10.57432772,88.11939763,33.89207601,27.92707064,11.79444245,48.80458946,22.35521334,71.85120115,56.9386877,10.98103263,0.393148082,2.440229473,4.067049122,71.85120115,25.75797777,10.43875941,13.55683041,2.440229473
2004,40-59.9,58.47700162,98.22059197,209.7919505,21.35200789,4.067049122,13.55683041,1.355683041,21.69092865,18.97956257,31.18070993,6.778415203,50.1602725,23.04661169,4.067049122,20.33524561,178.9501614,183.0172105,17.62387953,74.56256723,47.44890642,51.51595554,13.55683041,53.95618501,59.92119039,104.3875941,94.89781284,14.91251345,1.355683041,2.928275368,3.118070993,105.7432772,18.97956257,12.47228397,13.55683041,3.389207601
2004,60-79.9,91.89243111,216.9092865,392.1991036,65.77774113,8.70348512,24.40229473,1.355683041,108.4546432,13.55683041,40.67049122,9.489781284,48.80458946,43.3818573,5.422732162,35.92560057,268.425242,237.2445321,27.11366081,135.5683041,65.07278595,70.49551811,13.55683041,81.34098243,124.4517031,131.5012549,84.05234851,18.97956257,9.489781284,4.067049122,4.744890642,131.5012549,25.75797777,17.62387953,11.52330584,3.538332736
2004,80-89.9,142.0155754,425.6844747,627.1389745,147.7694514,14.91251345,32.53639297,1.084546432,88.11939763,18.97956257,44.73754034,13.55683041,81.34098243,97.60917892,6.778415203,75.91825027,381.4892076,305.0286841,34.43434923,132.856938,81.34098243,94.89781284,23.04661169,108.4546432,184.3728935,178.9501614,105.7432772,20.33524561,18.97956257,3.660344209,6.778415203,176.2387953,28.46934385,18.97956257,14.09910362,6.100573682
2004,90-100,250.6157212,1254.684654,1569.474256,496.329118,37.95912513,40.67049122,2.711366081,216.9092865,77.27393331,169.4603801,27.11366081,135.5683041,250.8013625,27.11366081,274.3902474,881.1939763,610.0573682,44.73754034,351.1219075,264.3581929,359.2560057,97.60917892,305.0300398,283.3377555,253.5127286,215.5536034,24.40229473,54.22732162,5.422732162,13.55683041,249.4456795,54.22732162,23.04661169,13.55683041,6.37171029
2007,Less than 20,15.23301155,10.85047013,29.25553379,1.999745348,0.987528567,22.21939275,0.617205354,12.34410709,4.690760692,41.96996409,3.086026771,123.4410709,8.023669605,1.851616063,7.406464251,49.37642834,123.4410709,6.912699967,92.58080313,46.90760692,61.72053542,3.703232125,58.0173033,10.73937316,49.37642834,86.40874959,8.023669605,0.493764283,1.234410709,3.703232125,49.37642834,12.96131244,6.665817826,10.73937316,2.826800522
2007,20-39.9,35.54369362,46.66072478,102.7042054,8.76431603,1.975057134,22.21939275,1.234410709,56.78289259,13.57851779,37.03232125,6.172053542,106.1593209,14.8129285,4.32043748,9.998726739,95.04962455,148.129285,11.23313745,61.72053542,74.06464251,24.68821417,7.406464251,58.0173033,22.21939275,62.95494613,51.84524976,11.72690173,1.604733921,2.221939275,4.937642834,71.59582109,18.51616063,11.35657852,12.34410709,1.975057134
2007,40-59.9,58.39321095,109.1219066,227.3907966,23.14520078,3.394629448,20.98498204,0.987528567,123.4410709,6.789258897,46.90760692,6.172053542,72.8302318,29.625857,4.937642834,22.21939275,171.5830885,185.1616063,18.02239634,123.4410709,49.37642834,39.50114267,12.34410709,61.72053542,69.0035586,109.8625531,85.17433888,16.04733921,4.32043748,2.974929807,4.937642834,111.0969638,18.51616063,14.8129285,12.34410709,3.579791055
2007,60-79.9,92.66748694,252.683872,422.9708293,73.44743715,7.406464251,13.57851779,1.234410709,23.45380346,16.04733921,41.96996409,11.72690173,64.18935684,59.25171401,11.10969638,40.73555338,304.5291218,265.3983023,24.81165524,148.129285,82.70551747,62.95494613,18.51616063,90.951381,137.7602351,140.7228208,103.6904995,20.36777669,6.172053542,4.937642834,6.542376755,141.9572315,24.68821417,16.04733921,20.98498204,4.073555338
2007,80-89.9,140.9053569,441.3018283,699.3553869,163.3372249,16.04733921,24.68821417,2.468821417,113.5657852,18.51616063,56.78289259,11.10969638,37.03232125,113.5657852,12.34410709,79.24916748,444.6347372,370.3232125,31.354032,222.1939275,87.6431603,86.40874959,24.68821417,163.3125367,224.5393079,202.4433562,154.3013386,20.98498204,11.10969638,6.789258897,6.172053542,202.4433562,41.96996409,16.04733921,14.8129285,5.554848188
2007,90-100,255.1529435,1382.663435,1676.329742,510.6757101,44.06846229,51.84524976,3.086026771,308.6026771,92.58080313,222.1939275,34.56349984,111.0969638,248.1165524,55.54848188,272.8047666,971.4812276,617.2053542,41.96996409,413.5275873,216.021874,486.3578191,92.58080313,444.387855,290.5802808,249.3509631,182.0755795,23.45380346,22.21939275,8.751971923,9.258080313,246.8821417,59.25171401,20.98498204,19.99745348,8.76431603
2010,Less than 20,15.56992825,7.140186974,17.67373013,1.296073543,0.765861639,17.67373013,0.589124338,23.56497351,23.56497351,44.77344967,4.123870365,44.77344967,9.425989405,2.356497351,5.961938299,28.27678997,104.8641321,6.833842319,70.69492054,42.41695232,27.92449361,6.244717981,29.45621689,11.78248676,62.44717981,84.83390464,9.19033967,1.178248676,1.296073543,2.356497351,70.69492054,35.34746027,6.951667186,10.60423808,2.827796821
2010,20-39.9,33.53523007,32.63748831,89.78254908,6.244717981,1.767373013,17.67373013,0.589124338,55.37768775,9.425989405,44.77344967,4.712994702,53.0211904,12.96073543,3.534746027,8.601215332,87.5438766,129.6073543,10.95771268,84.83390464,53.0211904,30.04534123,5.891243378,35.33332128,23.80062325,75.40791524,70.69492054,9.779464008,2.709971954,1.767373013,2.356497351,77.76441259,23.56497351,9.19033967,10.60423808,3.534746027
2010,40-59.9,53.89590547,76.50368651,187.9306638,20.03022749,3.299096292,20.03022749,1.178248676,78.94266127,5.891243378,58.91243378,5.891243378,70.69492054,27.09971954,5.891243378,14.13898411,154.3505765,159.0635712,16.37765659,100.1511374,70.69492054,47.12994702,11.78248676,31.81271424,71.87316921,106.0423808,73.05141789,14.13898411,5.891243378,2.474322219,4.123870365,106.0423808,18.85197881,11.07553755,16.49548146,3.652570894
2010,60-79.9,83.83807518,149.7554067,314.0032721,46.12843565,6.244717981,21.20847616,0.824774073,43.595201,16.49548146,59.19521346,8.601215332,38.8822063,42.57012465,8.836865067,25.03778436,232.2799439,206.1935182,23.56497351,85.42302898,58.91243378,58.91243378,15.31723278,36.52570894,126.0726083,137.8550951,77.76441259,17.67373013,7.069492054,3.652570894,7.069492054,136.6768464,34.16921159,12.96073543,14.49245871,4.948644438
2010,80-89.9,132.9432335,340.4313898,529.0336553,139.3868183,12.96073543,30.63446557,0.94259894,117.8248676,16.49548146,78.35353693,11.78248676,94.25989405,103.6858835,11.78248676,68.83917887,366.553163,294.5621689,32.99096292,141.3898411,68.33842319,100.1511374,25.92147086,67.16017451,192.9971331,186.1632907,103.6858835,22.38672484,17.67373013,6.951667186,5.891243378,186.1632907,23.56497351,15.31723278,23.56497351,4.712994702
2010,90-100,241.9327312,1402.115924,1750.877532,648.9793705,41.23870365,40.06045497,2.356497351,349.9398567,73.05141789,235.6497351,35.34746027,176.7373013,326.3748831,58.91243378,314.0032721,891.3451231,559.6681209,42.41695232,377.0395762,235.6497351,530.211904,41.23870365,184.9850421,314.8280461,282.7796821,212.0847616,25.92147086,23.56497351,8.954689935,18.85197881,265.105952,69.51667186,20.03022749,29.45621689,14.13898411
2013,Less than 20,15.60215144,6.808655243,16.47365118,1.0981702,0.65890212,9.114812663,0.5490851,1.0981702,10.981702,34.04327621,4.941765902,21.96340401,5.710485042,2.196340401,7.247923323,25.25791461,87.85361603,7.467557363,71.38106303,17.57072321,20.86523381,4.392680802,18.66889341,11.86023816,46.12314842,124.0932327,8.785361603,1.317804241,1.0981702,3.294510601,49.41765902,27.45425501,5.930119082,13.17804241,3.294510601
2013,20-39.9,31.20430288,23.61065931,68.30618647,4.502497822,1.570383387,14.27621261,1.0981702,21.96340401,26.35608481,73.57740343,3.294510601,59.30119082,14.27621261,2.196340401,10.981702,65.89021202,119.7005518,10.21298286,82.36276503,35.66307726,20.31614871,10.981702,25.25791461,23.06157421,77.97008423,46.12314842,11.20133604,1.317804241,1.482529771,2.196340401,77.97008423,31.84693581,8.346093523,16.47255301,3.184693581
2013,40-59.9,51.26421187,67.86691838,155.6118156,17.79035725,3.294510601,25.25791461,1.0981702,27.45425501,17.57072321,46.12314842,8.785361603,76.87191403,27.45425501,3.843595701,15.37438281,120.798722,137.2712751,15.37438281,76.87191403,43.92680802,27.45425501,7.687191403,20.86523381,43.92680802,94.44263724,61.49753122,13.17804241,0.812645948,2.306157421,3.294510601,93.34446703,23.06157421,12.0798722,16.47255301,3.953412722
2013,60-79.9,83.58295414,174.2916907,299.053709,57.48920999,7.467557363,10.981702,1.0981702,43.92680802,10.981702,37.88687191,8.785361603,76.87191403,56.00668022,10.981702,30.74876561,214.6922742,186.6889341,23.83029335,93.34446703,56.00668022,38.43595701,16.47255301,36.23961661,109.2679349,124.0932327,76.87191403,19.10816149,5.161399942,3.294510601,3.843595701,124.0932327,19.76706361,14.49584665,18.88852745,3.294510601
2013,80-89.9,133.7327266,327.6939878,541.1233663,141.0050537,14.60566367,16.47255301,1.0981702,76.87191403,21.96340401,82.36276503,9.883531804,120.798722,115.6373221,10.981702,75.55410979,333.9535579,274.5425501,30.23262562,133.9767645,76.87191403,60.39936102,19.76706361,49.307842,197.6706361,189.9834447,92.24629683,22.27089166,13.94676155,4.941765902,5.820302062,191.0816149,30.74876561,16.47255301,20.86523381,5.490851002
2013,90-100,251.8633018,1245.874092,1538.591359,625.2981121,56.00668022,32.94510601,2.745425501,439.2680802,120.798722,274.5425501,32.94510601,241.5974441,309.6839965,30.74876561,309.5741795,781.8971827,521.6308452,38.43595701,329.4510601,219.6340401,549.0851002,54.90851002,208.6523381,296.5059541,282.2297415,192.1797851,24.37937845,49.41765902,4.173046762,16.47255301,283.3279117,36.61299448,19.76706361,29.65059541,9.993348824
2016,Less than 20,16.15935073,7.019578059,12.61396906,0.999758087,0.63814346,8.508579466,0.531786217,42.54289733,7.445007032,26.58931083,2.127144866,93.59437412,7.870436006,2.127144866,6.168720113,24.56852321,94.65794655,7.870436006,58.49648383,7.445007032,15.9535865,5.849648383,21.27144866,11.00797468,53.17862166,39.24582278,10.63572433,0.499879044,0.850857947,2.978002813,53.17862166,15.9535865,8.508579466,15.9535865,2.23350211
2016,20-39.9,33.3959915,33.50253165,71.31253165,5.211504923,1.701715893,21.27144866,1.063572433,106.3572433,15.9535865,86.14936709,5.317862166,63.81434599,18.08073136,4.254289733,10.63572433,67.96227848,119.1201125,11.69929677,74.45007032,63.81434599,21.81706132,10.63572433,26.58931083,24.75996625,67.00506329,46.26540084,12.7628692,1.701715893,1.808073136,2.127144866,69.13220816,29.78002813,10.3166526,21.27144866,2.765288326
2016,40-59.9,56.01908252,87.10658228,171.4478762,19.8888045,4.041575246,10.63572433,0.850857947,31.907173,8.721293952,58.49648383,6.381434599,85.08579466,26.58931083,2.658931083,16.48537271,135.499128,159.535865,17.01715893,79.76793249,26.58931083,42.54289733,10.54000281,33.28981716,44.98911392,94.65794655,69.13220816,17.01715893,2.127144866,2.127144866,3.1907173,94.65794655,23.39859353,12.7628692,19.1443038,4.254289733
2016,60-79.9,91.56965411,177.9037609,321.5705934,67.21777778,8.721293952,21.27144866,0.63814346,85.08579466,12.7628692,63.81434599,10.21029536,106.3572433,54.24219409,10.63572433,33.74077187,222.6057103,207.3966245,24.88759494,90.40365682,42.54289733,52.11504923,15.9535865,37.22503516,109.5479606,121.2472574,53.17862166,22.76045007,7.306742616,3.1907173,5.317862166,124.4379747,29.78002813,17.01715893,21.27144866,4.254289733
2016,80-89.9,145.4341565,414.4741772,616.1647356,189.9540366,19.8888045,21.27144866,1.91443038,106.3572433,22.3350211,127.628692,21.27144866,140.3915612,141.4551336,10.63572433,87.21293952,358.5302672,292.4824191,32.33260197,159.535865,139.3279888,106.3572433,21.27144866,69.13220816,181.1263854,166.980872,110.0797468,26.58931083,1.91443038,5.105147679,10.63572433,170.1715893,42.54289733,18.08073136,22.3350211,6.381434599
2016,90-100,276.8635424,1743.780183,2058.119016,870.555308,65.94149086,63.81434599,1.59535865,410.5389592,132.9465542,479.1393812,40.41575246,276.5288326,428.6207542,37.22503516,388.2039381,955.938903,584.9648383,40.41575246,372.2503516,319.07173,531.7862166,53.17862166,259.5116737,318.0081575,285.0374121,207.3966245,29.78002813,53.17862166,6.381434599,29.78002813,287.164557,53.17862166,20.20787623,35.0978903,17.01715893
2019,Less than 20,16.28988643,9.3,15.29,1.12,0.81,8,0.5,19.3,2,35,3,50,13,1.5,6.7,27.1,99,6.8,60,27,25,5,29,9.85,50,107,10,1.2,1.1,1.1,58,17,7.6,15,2.1
2019,20-39.9,35.63412656,43.8,82.2,5.75,2.05,20,0.75,250,9,30,6,49,17,2,9,80.2,150,11,70,40,49,10,39,25,70,28,14,1.7,1.9,2.5,75,21,10,24,3
2019,40-59.9,59.05083829,95.62,204.2,20.92,4.315,16,0.5,100,5,65,5.5,128,28,6,15,159,180,16,90,48,65,12,40,48.3,99,25,16.8,0.9,2.4,4.5,102,18,11,21.7,3
2019,60-79.9,95.70308275,205.2,365.1,65.5,10,25,0.5,300,18,50,10,110,60,4,33.1,252.225,230,24.9,100,40,41,15,52,112.3,133,82,21,2,3.6,7,138,22,15,24.4,6.5
2019,80-89.9,151.6995673,387.85,635,169.5,20,12,0.9,250,30,106,10,98,134,8,85.23,410.3,330,30,170,75,76,25,81,200.4,200,105,25,6.2,5,9.2,200,31,17,28,5.7
2019,90-100,290.163602,1589.3,1925,800.5,70,100,3,400,100,452,40,318,460,45,432.06,868,575,39,390,235,593,50,240,306.29,270,240,25,4,6,28,268,51,20,22,5.8
